{
  "EM": {
    "mIOU": {
      "mean": 0.1238285423954469,
      "max": 0.2517876550580034
    },
    "VI": {
      "mean": 1.3041398734928984,
      "max": 0.6508505853132194
    },
    "PRI": {
      "mean": 0.30339316214739137,
      "max": 0.36087389304627104
    },
    "SC": {
      "mean": 0.45188165537156594,
      "max": 0.5066409705178445
    }
  },
  "WNet": {
    "mIOU": {
      "mean": 0.1479589654655265,
      "max": 0.2781526821819585
    },
    "VI": {
      "mean": 1.2766105716953458,
      "max": 0.696957137893082
    },
    "PRI": {
      "mean": 0.3108266340839086,
      "max": 0.37203584664157596
    },
    "SC": {
      "mean": 0.45144283881536074,
      "max": 0.5068307517559185
    }
  },
  "DFC++": {
    "mIOU": {
      "mean": 0.2584615627240334,
      "max": 0.39999774621668766
    },
    "VI": {
      "mean": 1.1256068544261653,
      "max": 0.47872978405808647
    },
    "PRI": {
      "mean": 0.3977465336300697,
      "max": 0.48832179552667354
    },
    "SC": {
      "mean": 0.4805601406250414,
      "max": 0.5532830889416667
    }
  },
  "DFC": {
    "mIOU": {
      "mean": 0.14497812226973256,
      "max": 0.2506276466060682
    },
    "VI": {
      "mean": 1.660995809124685,
      "max": 0.877571275010667
    },
    "PRI": {
      "mean": 0.2910377860960902,
      "max": 0.33931379347495283
    },
    "SC": {
      "mean": 0.32584948283472526,
      "max": 0.35594388854589615
    }
  },
  "WNet++": {
    "mIOU": {
      "mean": 0.22181164684403634,
      "max": 0.3665107344268369
    },
    "VI": {
      "mean": 1.0851114133450712,
      "max": 0.5097258222775962
    },
    "PRI": {
      "mean": 0.37133350784707153,
      "max": 0.4570630608849121
    },
    "SC": {
      "mean": 0.5067543700570848,
      "max": 0.5818423898473253
    }
  },
  "NCuts": {
    "mIOU": {
      "mean": 0.2484016891493751,
      "max": 0.38375654888561306
    },
    "VI": {
      "mean": 1.1130918972105048,
      "max": 0.43064909622769776
    },
    "PRI": {
      "mean": 0.3832602583383177,
      "max": 0.47249051939932907
    },
    "SC": {
      "mean": 0.492426231868595,
      "max": 0.5708955487023312
    }
  },
  "KMeans": {
    "mIOU": {
      "mean": 0.12000189455112163,
      "max": 0.2426602209864897
    },
    "VI": {
      "mean": 1.3658599677275314,
      "max": 0.7290717636469958
    },
    "PRI": {
      "mean": 0.2902791491106863,
      "max": 0.3448477243188717
    },
    "SC": {
      "mean": 0.4408064258100735,
      "max": 0.4933447071023629
    }
  }
}